,Order ID,Status
0,65,Returned
1,69,Returned
2,134,Returned
3,135,Returned
4,230,Returned
5,324,Returned
6,359,Returned
7,612,Returned
8,614,Returned
9,678,Returned
10,710,Returned
11,740,Returned
12,775,Returned
13,833,Returned
14,902,Returned
15,928,Returned
16,930,Returned
17,1060,Returned
18,1127,Returned
19,1285,Returned
20,1317,Returned
21,1382,Returned
22,1538,Returned
23,1665,Returned
24,1921,Returned
25,2050,Returned
26,2052,Returned
27,2055,Returned
28,2146,Returned
29,2213,Returned
30,2240,Returned
31,2500,Returned
32,2503,Returned
33,2562,Returned
34,2823,Returned
35,2915,Returned
36,3300,Returned
37,3456,Returned
38,3525,Returned
39,3589,Returned
40,3687,Returned
41,3777,Returned
42,3783,Returned
43,4006,Returned
44,4037,Returned
45,4230,Returned
46,4261,Returned
47,4391,Returned
48,4610,Returned
49,4738,Returned
50,4864,Returned
51,4960,Returned
52,5028,Returned
53,5059,Returned
54,5061,Returned
55,5189,Returned
56,5381,Returned
57,5414,Returned
58,5511,Returned
59,5699,Returned
60,6054,Returned
61,6241,Returned
62,6272,Returned
63,6498,Returned
64,6500,Returned
65,6502,Returned
66,6661,Returned
67,6695,Returned
68,6757,Returned
69,6978,Returned
70,6979,Returned
71,7079,Returned
72,7107,Returned
73,7203,Returned
74,7269,Returned
75,7364,Returned
76,7521,Returned
77,7744,Returned
78,7812,Returned
79,7815,Returned
80,7841,Returned
81,7845,Returned
82,8034,Returned
83,8133,Returned
84,8292,Returned
85,8293,Returned
86,8353,Returned
87,8961,Returned
88,9027,Returned
89,9093,Returned
90,9152,Returned
91,9219,Returned
92,9472,Returned
93,9574,Returned
94,9696,Returned
95,9701,Returned
96,9762,Returned
97,9829,Returned
98,9895,Returned
99,9923,Returned
100,9927,Returned
101,10054,Returned
102,10183,Returned
103,10498,Returned
104,10662,Returned
105,10917,Returned
106,11271,Returned
107,11396,Returned
108,11425,Returned
109,11426,Returned
110,11648,Returned
111,11652,Returned
112,11682,Returned
113,11748,Returned
114,11909,Returned
115,11911,Returned
116,12005,Returned
117,12067,Returned
118,12096,Returned
119,12262,Returned
120,12263,Returned
121,12389,Returned
122,12451,Returned
123,12483,Returned
124,12580,Returned
125,12613,Returned
126,12704,Returned
127,12706,Returned
128,12710,Returned
129,12806,Returned
130,12900,Returned
131,12903,Returned
132,13091,Returned
133,13158,Returned
134,13218,Returned
135,13284,Returned
136,13410,Returned
137,13444,Returned
138,13638,Returned
139,13729,Returned
140,13765,Returned
141,13959,Returned
142,13984,Returned
143,13986,Returned
144,14176,Returned
145,14242,Returned
146,14406,Returned
147,14497,Returned
148,14528,Returned
149,14534,Returned
150,14820,Returned
151,14951,Returned
152,15009,Returned
153,15106,Returned
154,15202,Returned
155,15206,Returned
156,15303,Returned
157,15712,Returned
158,15718,Returned
159,15778,Returned
160,15872,Returned
161,15904,Returned
162,16134,Returned
163,16582,Returned
164,16641,Returned
165,16679,Returned
166,16864,Returned
167,16961,Returned
168,17058,Returned
169,17155,Returned
170,17255,Returned
171,17282,Returned
172,17313,Returned
173,17508,Returned
174,17668,Returned
175,17858,Returned
176,17985,Returned
177,17988,Returned
178,18119,Returned
179,18215,Returned
180,18336,Returned
181,18496,Returned
182,18533,Returned
183,18593,Returned
184,18661,Returned
185,18689,Returned
186,18753,Returned
187,18822,Returned
188,18919,Returned
189,19010,Returned
190,19078,Returned
191,19138,Returned
192,19523,Returned
193,19616,Returned
194,19718,Returned
195,20036,Returned
196,20134,Returned
197,20389,Returned
198,20453,Returned
199,20480,Returned
200,20486,Returned
201,20704,Returned
202,20743,Returned
203,20864,Returned
204,20899,Returned
205,20934,Returned
206,21222,Returned
207,21286,Returned
208,21346,Returned
209,21383,Returned
210,21729,Returned
211,21824,Returned
212,21890,Returned
213,22181,Returned
214,22402,Returned
215,22627,Returned
216,22656,Returned
217,22661,Returned
218,22787,Returned
219,22820,Returned
220,22947,Returned
221,22950,Returned
222,23076,Returned
223,23168,Returned
224,23488,Returned
225,23557,Returned
226,23559,Returned
227,23616,Returned
228,23619,Returned
229,23748,Returned
230,24066,Returned
231,24519,Returned
232,24707,Returned
233,24902,Returned
234,25095,Returned
235,25152,Returned
236,25157,Returned
237,25478,Returned
238,25479,Returned
239,25735,Returned
240,25799,Returned
241,25828,Returned
242,25952,Returned
243,26240,Returned
244,26372,Returned
245,26784,Returned
246,26852,Returned
247,26881,Returned
248,26982,Returned
249,27137,Returned
250,27490,Returned
251,27712,Returned
252,27744,Returned
253,27750,Returned
254,28003,Returned
255,28037,Returned
256,28291,Returned
257,28387,Returned
258,28419,Returned
259,28455,Returned
260,28544,Returned
261,28928,Returned
262,29095,Returned
263,29318,Returned
264,29376,Returned
265,29380,Returned
266,29410,Returned
267,29505,Returned
268,29506,Returned
269,29861,Returned
270,29991,Returned
271,30176,Returned
272,30403,Returned
273,30469,Returned
274,31073,Returned
275,31232,Returned
276,31303,Returned
277,31682,Returned
278,31844,Returned
279,31907,Returned
280,32036,Returned
281,32582,Returned
282,32901,Returned
283,32931,Returned
284,32966,Returned
285,32996,Returned
286,32998,Returned
287,33283,Returned
288,33317,Returned
289,33477,Returned
290,33510,Returned
291,33541,Returned
292,33637,Returned
293,33921,Returned
294,34117,Returned
295,34209,Returned
296,34338,Returned
297,34532,Returned
298,34658,Returned
299,34661,Returned
300,34689,Returned
301,34916,Returned
302,35047,Returned
303,35110,Returned
304,35111,Returned
305,35137,Returned
306,35366,Returned
307,35492,Returned
308,35554,Returned
309,35588,Returned
310,35687,Returned
311,35744,Returned
312,35877,Returned
313,35910,Returned
314,35936,Returned
315,36038,Returned
316,36067,Returned
317,36160,Returned
318,36262,Returned
319,36449,Returned
320,36609,Returned
321,36676,Returned
322,36679,Returned
323,36705,Returned
324,36707,Returned
325,36743,Returned
326,36772,Returned
327,36773,Returned
328,36932,Returned
329,36934,Returned
330,36992,Returned
331,36994,Returned
332,36998,Returned
333,36999,Returned
334,37250,Returned
335,37380,Returned
336,37414,Returned
337,37572,Returned
338,37760,Returned
339,37860,Returned
340,37862,Returned
341,37924,Returned
342,38050,Returned
343,38210,Returned
344,38240,Returned
345,38272,Returned
346,38400,Returned
347,38530,Returned
348,38596,Returned
349,38661,Returned
350,38787,Returned
351,39043,Returned
352,39075,Returned
353,39169,Returned
354,39333,Returned
355,39490,Returned
356,39555,Returned
357,39619,Returned
358,39872,Returned
359,39904,Returned
360,39943,Returned
361,40097,Returned
362,40132,Returned
363,40134,Returned
364,40160,Returned
365,40354,Returned
366,40802,Returned
367,40806,Returned
368,41059,Returned
369,41120,Returned
370,41186,Returned
371,41216,Returned
372,41508,Returned
373,41760,Returned
374,41861,Returned
375,42342,Returned
376,42375,Returned
377,42436,Returned
378,42563,Returned
379,42628,Returned
380,42788,Returned
381,42823,Returned
382,42850,Returned
383,42912,Returned
384,42945,Returned
385,43138,Returned
386,43140,Returned
387,43203,Returned
388,43269,Returned
389,43488,Returned
390,43494,Returned
391,43585,Returned
392,43713,Returned
393,44098,Returned
394,44292,Returned
395,44486,Returned
396,44579,Returned
397,44583,Returned
398,44869,Returned
399,44962,Returned
400,45127,Returned
401,45605,Returned
402,45632,Returned
403,45698,Returned
404,45767,Returned
405,45794,Returned
406,45863,Returned
407,46052,Returned
408,46276,Returned
409,46311,Returned
410,46341,Returned
411,46375,Returned
412,46497,Returned
413,46662,Returned
414,46852,Returned
415,47078,Returned
416,47079,Returned
417,47109,Returned
418,47138,Returned
419,47174,Returned
420,47265,Returned
421,47271,Returned
422,47457,Returned
423,47494,Returned
424,47620,Returned
425,47621,Returned
426,47813,Returned
427,47876,Returned
428,47910,Returned
429,48293,Returned
430,48295,Returned
431,48321,Returned
432,48353,Returned
433,48391,Returned
434,48448,Returned
435,48486,Returned
436,48487,Returned
437,48615,Returned
438,48710,Returned
439,48773,Returned
440,48775,Returned
441,48931,Returned
442,49026,Returned
443,49027,Returned
444,49123,Returned
445,49255,Returned
446,49349,Returned
447,49412,Returned
448,49510,Returned
449,49668,Returned
450,49762,Returned
451,49797,Returned
452,49830,Returned
453,49924,Returned
454,49988,Returned
455,50048,Returned
456,50081,Returned
457,50083,Returned
458,50087,Returned
459,50147,Returned
460,50246,Returned
461,50307,Returned
462,50374,Returned
463,50432,Returned
464,50501,Returned
465,50564,Returned
466,50566,Returned
467,50663,Returned
468,50721,Returned
469,50789,Returned
470,50818,Returned
471,50823,Returned
472,50850,Returned
473,50914,Returned
474,51075,Returned
475,51239,Returned
476,51271,Returned
477,51302,Returned
478,51553,Returned
479,51554,Returned
480,51559,Returned
481,51876,Returned
482,51879,Returned
483,51940,Returned
484,52035,Returned
485,52068,Returned
486,52258,Returned
487,52288,Returned
488,52327,Returned
489,52518,Returned
490,52608,Returned
491,52611,Returned
492,52678,Returned
493,52805,Returned
494,53285,Returned
495,53536,Returned
496,53600,Returned
497,53767,Returned
498,54086,Returned
499,54119,Returned
500,54151,Returned
501,54215,Returned
502,54243,Returned
503,54245,Returned
504,54339,Returned
505,54368,Returned
506,54371,Returned
507,54563,Returned
508,54595,Returned
509,54721,Returned
510,54755,Returned
511,54787,Returned
512,54914,Returned
513,55172,Returned
514,55203,Returned
515,55235,Returned
516,55330,Returned
517,55526,Returned
518,55616,Returned
519,55618,Returned
520,55623,Returned
521,55747,Returned
522,55776,Returned
523,55808,Returned
524,55874,Returned
525,55877,Returned
526,55968,Returned
527,56101,Returned
528,56128,Returned
529,56257,Returned
530,56387,Returned
531,56452,Returned
532,56514,Returned
533,56582,Returned
534,56612,Returned
535,56768,Returned
536,56769,Returned
537,56868,Returned
538,56901,Returned
539,56930,Returned
540,56931,Returned
541,57157,Returned
542,57190,Returned
543,57248,Returned
544,57253,Returned
545,57440,Returned
546,57510,Returned
547,57600,Returned
548,57638,Returned
549,57986,Returned
550,58368,Returned
551,58372,Returned
552,58470,Returned
553,58500,Returned
554,58566,Returned
555,58688,Returned
556,58720,Returned
557,58725,Returned
558,58818,Returned
559,58949,Returned
560,59009,Returned
561,59047,Returned
562,59072,Returned
563,59139,Returned
564,59171,Returned
565,59585,Returned
566,59652,Returned
567,59680,Returned
568,59683,Returned
569,59776,Returned
570,59879,Returned
571,59937,Returned
